feature,importance
animal_pct_R,0.8917314663348606
animal_mean_burden,0.10826853366513949
