{
  "mae": 8.318477482486589,
  "rmse": 13.20122820140398,
  "r2": 0.6786848604295737
}